year,income
2024,44602.554395308485
2025,45431.01947053103
